id,content
1,"name: Leanne Graham
title: sunt aut facere repellat provident occaecati excepturi optio reprehenderit
body: laudantium enim quasi est quidem magnam voluptate ipsam eos
tempora quo necessitatibus
dolor quam autem quasi
reiciendis et nam sapiente accusantium
"
2,"name: Ervin Howell
title: qui est esse
body: est natus enim nihil est dolore omnis voluptatem numquam
et omnis occaecati quod ullam at
voluptatem error expedita pariatur
nihil sint nostrum voluptatem reiciendis et
"
3,"name: Clementine Bauch
title: ea molestias quasi exercitationem repellat qui ipsa sit aut
body: quia molestiae reprehenderit quasi aspernatur
aut expedita occaecati aliquam eveniet laudantium
omnis quibusdam delectus saepe quia accusamus maiores nam est
cum et ducimus et vero voluptates excepturi deleniti ratione
"
4,"name: Patricia Lebsack
title: eum et est occaecati
body: non et atque
occaecati deserunt quas accusantium unde odit nobis qui voluptatem
quia voluptas consequuntur itaque dolor
et qui rerum deleniti ut occaecati
"
5,"name: Chelsey Dietrich
title: nesciunt quas odio
body: harum non quasi et ratione
tempore iure ex voluptates in ratione
harum architecto fugit inventore cupiditate
voluptates magni quo et
"
6,"name: Mrs. Dennis Schulist
title: dolorem eum magni eos aperiam quia
body: doloribus at sed quis culpa deserunt consectetur qui praesentium
accusamus fugiat dicta
voluptatem rerum ut voluptate autem
voluptatem repellendus aspernatur dolorem in
"
7,"name: Kurtis Weissnat
title: magnam facilis autem
body: maiores sed dolores similique labore et inventore et
quasi temporibus esse sunt id et
eos voluptatem aliquam
aliquid ratione corporis molestiae mollitia quia et magnam dolor
"
8,"name: Nicholas Runolfsdottir V
title: dolorem dolore est ipsam
body: ut voluptatem corrupti velit
ad voluptatem maiores
et nisi velit vero accusamus maiores
voluptates quia aliquid ullam eaque
"
9,"name: Glenna Reichert
title: nesciunt iure omnis dolorem tempora et accusantium
body: sapiente assumenda molestiae atque
adipisci laborum distinctio aperiam et ab ut omnis
et occaecati aspernatur odit sit rem expedita
quas enim ipsam minus
"
10,"name: Clementina DuBuque
title: optio molestias id quia eum
body: voluptate iusto quis nobis reprehenderit ipsum amet nulla
quia quas dolores velit et non
aut quia necessitatibus
nostrum quaerat nulla et accusamus nisi facilis
"

